ticker,first_trade,year,offer_price,day1_close_raw,first_day_pop,pop_method,pop_split_factor_used,pop_split_note,mcap_listing_b,pop_cohort,large_cap,vix_listing,vix_regime,raw_h0,raw_h5,raw_h10,raw_h15,raw_h20,raw_h60,raw_h90,raw_h180,madj_h0,madj_h5,madj_h10,madj_h15,madj_h20,madj_h60,madj_h90,madj_h180
BABA,2014-09-19,2014,68.0,93.88999938964844,0.3807352851418888,offer-to-close,1.0,,170.0,hot,True,12.109999656677246,low-VIX,-0.058274801769652385,-0.09267801336078729,-0.11634894036045362,-0.13861581415157032,-0.1182546656078226,0.050150417283981286,-0.099197493711074,-0.12156460521762458,-0.058274801769652385,-0.08067559831889748,-0.09824512137765451,-0.08320469524740415,-0.048440831888737046,0.03384688559755067,-0.12209849739935152,-0.20840025318820554
META,2012-05-18,2012,38.0,38.22999954223633,0.006052619532534997,offer-to-close,1.0,,92.043693271,cold,True,25.100000381469727,high-VIX,-0.15044445461697065,-0.2908889384441359,-0.40222224615212776,-0.3997777858140247,-0.3020000130620568,-0.5471111256519465,-0.541777765408475,-0.36333339955311694,-0.15044445461697065,-0.31160939060553694,-0.40320883317225464,-0.4162223429168387,-0.34995465810568227,-0.6522599837854783,-0.6690872944438444,-0.4819628750762328
UBER,2019-05-10,2019,45.0,41.56999969482422,-0.0762222290039063,offer-to-close,1.0,,75.8815366275,cold,True,16.040000915527344,low-VIX,-0.0762222290039063,-0.0686666700575087,-0.07755559285481772,-0.08333333333333337,-0.053111097547743014,-0.12999996609157982,-0.23866670396592882,-0.1775555928548177,-0.0762222290039063,-0.058072241658790213,-0.04058267428101037,-0.002900777464519666,-0.043110990742123434,-0.1227846435506672,-0.2816161721600764,-0.38225476449110396
ARM,2023-09-14,2023,51.0,63.59000015258789,0.24686274808995856,offer-to-close,1.0,,72.034443264,mid,True,12.81999969482422,low-VIX,-0.04058537532063489,-0.21303559432616148,-0.1627941656540951,-0.20775498961030225,-0.2177127424704045,0.014333201495674519,0.1427278101795555,0.9179240357241689,-0.04058537532063489,-0.16296005326231544,-0.1131169447233874,-0.15988274670292868,-0.19967660953161503,-0.02666581992753625,0.009526351365980679,0.7104782526847471
RIVN,2021-11-10,2021,78.0,100.7300033569336,0.29141029944786667,offer-to-close,1.0,,68.315408538,mid,True,18.729999542236328,high-VIX,-0.15678884874504895,0.22275245641789776,-0.0385903285257162,-0.07274403572748533,-0.03398625137878031,-0.5114682650459088,-0.607148830865212,-0.708605377196796,-0.15678884874504895,0.2019060332021012,-0.06233787246100053,-0.0737706852782245,-0.044820243636658486,-0.42436786492243694,-0.5258870821922441,-0.5216023496882267
CPNG,2021-03-11,2021,35.0,49.25,0.40714285714285725,offer-to-close,1.0,,61.5149639475,hot,True,21.90999984741211,high-VIX,-0.28623188405797106,-0.36391305232393567,-0.3666666556095731,-0.3143478061841882,-0.33550726849099877,-0.4408695386803668,-0.4372463502745697,-0.6118840480196304,-0.28623188405797106,-0.34504766640436546,-0.3468046967090507,-0.3361686557067174,-0.3968068032222998,-0.5005636266146164,-0.5681101640126441,-0.870121689984996
VG,2025-01-24,2025,25.0,24.0,-0.040000000000000036,offer-to-close,1.0,,60.4885463,cold,True,14.850000381469728,low-VIX,0.0,-0.14791666800224879,-0.2691667537466286,-0.335000046478262,-0.3674999711514235,-0.641005430584235,-0.3776036641538487,-0.6217656739123605,0.0,-0.13405782543165856,-0.2564975482288836,-0.35108682016819415,-0.3490720780243898,-0.48148447230595914,-0.37746878913996107,-0.762721892531885
GM,2010-11-18,2010,33.0,34.189998626708984,0.036060564445726806,offer-to-close,1.0,,50.406625467,cold,True,18.75,high-VIX,-0.05001397521008655,-0.060850217479249125,-0.040011487309420946,-0.060572536812092403,-0.0552928998275759,0.0033339804241481197,-0.12336754777597658,-0.3173103969762213,-0.05001397521008655,-0.06733501186639534,-0.06747657715566302,-0.09986286442885817,-0.09721729027404669,-0.11465134598510285,-0.22092174404311704,-0.287664291123379
KVUE,2023-05-04,2023,22.0,26.899999618530277,0.22272725538773996,offer-to-close,1.0,,41.914888356,mid,True,20.09000015258789,high-VIX,-0.0029651565998292106,-0.03632296007227387,0.002224032068459003,-0.024091637670887844,-0.05300210142378947,-0.12342471670300115,-0.19258176387359116,-0.2102110597356882,-0.0029651565998292106,-0.0680465163177435,-0.06451217829391842,-0.0985769044633672,-0.1747088408523242,-0.33579501360101105,-0.37777746382165445,-0.5567868055024311
NU,2021-12-09,2021,9.0,10.329999923706056,0.147777769300673,offer-to-close,1.0,,41.4781397775,mid,True,21.57999992370605,high-VIX,-0.1560457420856326,-0.18300652067034584,-0.19689541605211536,-0.23366010703903595,-0.23529413139668875,-0.38071894890128766,-0.4150326812662988,-0.5980392019366445,-0.1560457420856326,-0.1655071265117809,-0.20628494225104188,-0.24541458638077962,-0.2012990356641794,-0.20301579438992656,-0.2838213322962929,-0.3746177107387375
ABNB,2020-12-10,2020,68.0,144.7100067138672,1.1280883340274586,offer-to-close,1.0,,40.626472534,hot,True,22.520000457763672,high-VIX,-0.12296965627959278,-0.10878786029237686,-0.061575779770359884,-0.15666670365767044,-0.10224239464962126,0.11387874718868374,0.034606101296164704,-0.05442421653053975,-0.12296965627959278,-0.1368189023876869,-0.08670202148962469,-0.1809649239903971,-0.1434623440736872,0.08438133250064173,-0.07682997828898408,-0.3167302555706897
RKT,2020-08-06,2020,18.0,21.51000022888184,0.1950000127156577,offer-to-close,1.0,,35.705718864000005,mid,True,22.649999618530277,high-VIX,-0.05492091333170468,-0.17662564686169402,0.045254796649051965,0.19068540609664164,0.16432327741528496,-0.19903347120170511,-0.03602814254622855,0.03753509373162389,-0.05492091333170468,-0.16876105841364464,0.0259931994161815,0.13093461085699576,0.11782592113126933,-0.17988110276871339,-0.14307764983934712,-0.2102127083402776
DASH,2020-12-09,2020,102.0,189.50999450683597,0.8579411226160389,offer-to-close,1.0,,35.478482571,hot,True,22.270000457763672,high-VIX,-0.030639414287284117,-0.19156008669177593,-0.19069053084039322,-0.2698209718670077,-0.20158569648137792,-0.2763171574038923,-0.26690533337995526,-0.03867006423833119,-0.030639414287284117,-0.2170156653455264,-0.21541139217448624,-0.3129614832566441,-0.26231472073636686,-0.31290781778369015,-0.3964206701590688,-0.2919803489303
HOOD,2021-07-29,2021,38.0,34.81999969482422,-0.08368421855725738,offer-to-close,1.0,,34.049748608,cold,True,17.700000762939453,high-VIX,-0.13490683988014363,0.2663354340547359,0.1950310179905861,0.11031052488717963,0.16422361764848592,-0.016397511736946813,-0.4559006305955211,-0.717267077902089,-0.13490683988014363,0.2576313181966481,0.19216624424248674,0.1171869589775415,0.1480156699069508,-0.038321636202040876,-0.5108778192860073,-0.6440767541245439
SNOW,2020-09-16,2020,120.0,253.92999267578125,1.116083272298177,offer-to-close,1.0,,33.20340096,hot,True,26.040000915527344,high-VIX,-0.20398121418250392,-0.31852664768135286,-0.21316614420062696,-0.2288401253918495,-0.23768027374363243,0.1701567359852567,-0.11918491853815638,-0.23962383210472182,-0.20398121418250392,-0.2804728424156957,-0.224928536479017,-0.24817688811150562,-0.3012250823264867,0.0685214788122972,-0.31792383680424474,-0.4654822565428557
LU,2020-10-30,2020,13.5,12.850000381469727,-0.048148119891131325,offer-to-close,0.25,,32.93136,cold,True,38.02000045776367,high-VIX,-0.05791788430854106,0.1986803599084337,0.40909080420353616,0.07111441746322189,0.20747794555880072,0.09604110024223989,0.11803515941964604,-0.3555718609074403,-0.05791788430854106,0.10502088881181426,0.3290925138564593,-0.006842359934698061,0.09522014394997069,-0.09893404245815685,-0.05514670959400725,-0.703457892633212
PATH,2021-04-21,2021,56.0,69.0,0.2321428571428572,offer-to-close,1.0,,29.07261602,mid,True,17.5,high-VIX,-0.024597086744622243,0.06601648203797383,0.0018377846584454183,0.014419059983932225,0.024314408717052594,-0.16087076049017512,-0.08156625413218443,-0.46140797816401224,-0.024597086744622243,0.0668712335927838,0.0320772856362842,0.08043920995010179,0.07353464024702261,-0.21605914506349455,-0.19116631345131196,-0.598058949978158
APP,2021-04-15,2021,80.0,65.19999694824219,-0.18500003814697263,offer-to-close,1.0,,28.63642472,cold,True,16.56999969482422,low-VIX,-0.08823947698907042,-0.1315900346944866,-0.1725633281869685,-0.20388758768709003,-0.30261505464816396,-0.06027136147720269,0.0006991388738604165,0.3143615586070523,-0.08823947698907042,-0.11282566695246321,-0.16849433209422104,-0.17432166057902032,-0.23742366334442455,-0.12241935985258678,-0.09312988025514368,0.13825046242957595
JD,2014-05-22,2014,19.0,20.899999618530277,0.09999997992264609,offer-to-close,1.0,,26.9895,mid,True,12.029999732971191,low-VIX,-0.08333331939072575,0.09649116708567096,0.16578937218158707,0.21885960119204317,0.1162279928165888,0.31754392080443616,0.13245606438095026,0.1671052624078102,-0.08333331939072575,0.07318022046015726,0.12555595412506038,0.1842296759646853,0.07376100025108179,0.2146213739610896,0.01970102483918712,0.004867444548106281
GFS,2021-10-28,2021,47.0,46.400001525878906,-0.012765924981299914,offer-to-close,1.0,,25.063472296,cold,True,16.530000686645508,low-VIX,-0.03333330154418945,0.3058333396911621,0.17062497138977029,0.3389582633972168,0.40187501907348633,-0.023541688919067383,0.2114583651224773,-0.0239583651224774,-0.03333330154418945,0.26939574260500043,0.154045745897049,0.29333325921202835,0.38370819852799265,0.07710176030982085,0.338474543876485,0.1962144713148094
BEKE,2020-08-13,2020,20.0,37.43999862670898,0.871999931335449,offer-to-close,1.0,,22.54960128,hot,True,22.1299991607666,high-VIX,-0.0013337703259305167,0.0869565361623783,0.2510001613289021,0.2453985657995026,0.29447836138084016,1.0178713506009038,0.7823419862679946,0.37663370712562405,-0.0013337703259305167,0.05961532309299744,0.18284879519438668,0.19060569771002567,0.3019289096660842,0.9366547248502402,0.6465526817258205,0.13902109164490395
LYFT,2019-03-29,2019,72.0,78.29000091552734,0.08736112382676864,offer-to-close,1.0,,22.4415828,mid,True,13.710000038146973,low-VIX,-0.1163656629362716,-0.1597065662479885,-0.32398418183654687,-0.31218961990717464,-0.3161399413535493,-0.2772008801531459,-0.3195259373154813,-0.4723476207095526,-0.1163656629362716,-0.18753687286474185,-0.3583268227745927,-0.3581653254632756,-0.3793703837958222,-0.3088096267347801,-0.34734152077939395,-0.6304619537964061
KMI,2011-02-11,2011,30.0,31.049999237060547,0.034999974568684866,offer-to-close,1.0,,21.21,cold,True,15.6899995803833,low-VIX,-0.033914131091706046,-0.023957777614687314,-0.05102689649702685,-0.03858131610380089,-0.06689489450318575,-0.10830688653675202,-0.0739145451951021,-0.07098590892146606,-0.033914131091706046,-0.028920147224601456,-0.03956218861902949,-0.017191645465743255,-0.03010486666274015,-0.12256987103878236,-0.015572705534996678,-0.08510701988959413
PDD,2018-07-26,2018,19.0,26.700000762939453,0.405263198049445,offer-to-close,1.0,,21.048009088,hot,True,12.140000343322754,low-VIX,-0.027322403612191626,-0.2837887322045073,-0.27140257034155646,-0.3063752136126182,-0.3329690726033453,-0.3194899895814992,-0.12677600556876312,-0.19817852032274685,-0.027322403612191626,-0.280900966429667,-0.2817331985452983,-0.3050981261665562,-0.33713454935860787,-0.2821747539469738,-0.08562122349669432,-0.23715119936306683
YMM,2021-06-23,2021,19.0,21.0,0.10526315789473695,offer-to-close,1.0,,20.631149696,mid,True,16.31999969482422,low-VIX,-0.023255813953488302,-0.05209314915469043,-0.29627905738826366,-0.20186054307876322,-0.2953488609141117,-0.2530233311425699,-0.33720931549491995,-0.6744186046511628,-0.023255813953488302,-0.07133170926928545,-0.3279981165819086,-0.2386120164139327,-0.34196408998280714,-0.328050490841055,-0.4487814562337812,-0.6293298468378095
TME,2018-12-12,2018,13.0,14.0,0.07692307692307687,offer-to-close,1.0,,20.252700416,mid,True,21.459999084472656,high-VIX,-0.05084745762711862,-0.1742372331863371,-0.08406774267849226,-0.10508474770095722,-0.12610161704624667,0.24067795108029344,0.19728825469839784,-0.09830502708296318,-0.05084745762711862,-0.11049903398344041,-0.014015803603191546,-0.05435435415142431,-0.10247048720088636,0.1731671438979634,0.04249260300398805,-0.24198848884216784
HLT,2013-12-12,2013,20.0,21.500000014872114,0.0750000007436058,offer-to-close,0.4873294346978557,,20.0,mid,True,15.539999961853027,low-VIX,-0.01916056854288306,0.016423463053096388,-0.014598147243026993,0.0036495631153987684,-0.009123618698299363,0.019616780947895984,-0.01916056854288306,0.16149644976462874,-0.01916056854288306,0.005359268605264811,-0.04800198487004059,-0.015585616809794978,-0.024698350696778726,-0.054121208440455204,-0.06005896020553991,-0.030907367373504302
TOST,2021-09-22,2021,40.0,62.5099983215332,0.5627499580383302,offer-to-close,1.0,,19.97331346,hot,True,20.8700008392334,high-VIX,-0.0527352576889073,-0.24564327336298375,-0.21018335173336633,-0.17517802595566578,-0.2277617709630021,-0.502197309629605,-0.6532808016148095,-0.7584482482740792,-0.0527352576889073,-0.21780027401127522,-0.1833955665097261,-0.14928321218580465,-0.24240062776936677,-0.5489273598934211,-0.6368933576186713,-0.5706167375035768
SNAP,2017-03-02,2017,17.0,24.479999542236328,0.4399999730727251,offer-to-close,1.0,,19.85653788,hot,True,11.8100004196167,low-VIX,-0.06026870406163498,-0.12821498082181026,-0.23646833120242328,-0.11209213672988327,-0.14664106743579552,-0.1854126704477812,-0.40614200690570057,-0.521689044028051,-0.06026870406163498,-0.12867409371905048,-0.24587368621525962,-0.11095454043309583,-0.16167055543982511,-0.267488106696645,-0.4744928742483455,-0.6966360879763722
SYF,2014-07-31,2014,23.0,23.0,0.0,offer-to-close,1.0,,19.1772917735,cold,True,16.950000762939453,low-VIX,-0.04166666666666663,-0.044583543442510476,-0.04125018513879497,0.05791629564694989,0.07041646458992012,0.087916620785772,0.2295829932210125,0.28749972977855665,-0.04166666666666663,-0.03616448664743388,-0.061351473841288584,0.01708264036199747,0.024215484908273632,0.04756084184644993,0.1258268148684245,0.14556272477368015
RLX,2021-01-22,2021,12.0,29.51000022888184,1.4591666857401533,offer-to-close,1.0,,18.639839232,hot,True,21.90999984741211,high-VIX,-0.04714236735042765,-0.2734904637875939,-0.21762996887187513,-0.2095576365446148,-0.35938000261316616,-0.7068130528558183,-0.6377138856461969,-0.8430739398048792,-0.04714236735042765,-0.24011831734457645,-0.23588328991815322,-0.2434521828027847,-0.3502221858128498,-0.7418904733018445,-0.6637454390207701,-0.9568254110197689
CRWV,2025-03-28,2025,40.0,40.0,0.0,offer-to-close,1.0,,18.56397784,cold,True,21.649999618530277,high-VIX,-0.04625652575662009,0.14020031618147533,0.04315692495369672,-0.1555793496623118,0.0019075306073983445,2.803052103545477,1.8869815401936219,0.725083472655287,-0.04625652575662009,0.2388696644756324,0.0741631120270333,-0.07917291098368029,-0.005492055822447162,2.6477493303550035,1.6717317587036262,0.420152712502043
LINE,2024-07-25,2024,78.0,80.77999877929688,0.03564100999098563,offer-to-close,1.0,,17.75972211,cold,True,18.459999084472656,high-VIX,-0.01727491753849375,0.04817534325117245,0.07749403361352813,0.02579084126692699,0.027007243780185375,-0.051967787465751814,-0.22604873740025389,-0.323875694093235,-0.01727491753849375,0.04514215251533327,0.0997515704287335,-0.009450432335750047,-0.00917231922928563,-0.13247676930646746,-0.35205336210028737,-0.32665977668797663
MBLY,2022-10-26,2022,21.0,28.96999931335449,0.37952377682640415,offer-to-close,1.0,,16.7110008345,hot,True,27.280000686645508,high-VIX,-0.029805803041026535,-0.1463496567283541,-0.13295382249010534,-0.0351641367363259,-0.01841932796942103,0.14266571448281873,0.3653717221837547,0.48559945424024176,-0.029805803041026535,-0.10227333582766063,-0.08038638179017243,-0.06218518121451766,-0.057601732893651225,0.1026181990362598,0.29124147744420115,0.09030834359584827
RPRX,2020-06-16,2020,28.0,44.5,0.5892857142857142,offer-to-close,1.0,,16.670723328,hot,True,33.66999816894531,high-VIX,-0.03825373763242912,0.10114526849749028,0.04927598250541587,0.03782152263379812,-0.0706721943320191,-0.14761200074240266,-0.14927322827623113,-0.07464600044132674,-0.03825373763242912,0.07469810109138542,0.02794381259909673,-0.034618464088977285,-0.1468658206135337,-0.2709950750913481,-0.3214952545988107,-0.33131034363702905
FIG,2025-07-31,2025,33.0,115.5,2.5,offer-to-close,1.0,,16.086209799,hot,True,16.719999313354492,low-VIX,-0.0732568198236686,-0.37222177976399007,-0.3877076206346385,-0.41619189810071955,-0.42822752381729534,-0.571852669611704,-0.6979057822706776,-0.8474685015821062,-0.0732568198236686,-0.3797082715076735,-0.4140434346831384,-0.4131299471565566,-0.4495899445280539,-0.6653117829166831,-0.8040874969154987,-0.9964598467999439
XP,2019-12-11,2019,27.0,34.459999084472656,0.2762962623878762,offer-to-close,1.0,,14.898604401,mid,True,14.989999771118164,low-VIX,-0.015428597586495618,0.08857138130521758,0.10485684050726474,0.09199993121035788,0.07399989136100249,-0.14428577727679237,-0.256571550906981,0.4211426785501464,-0.015428597586495618,0.06627636933720127,0.05961556389099809,0.04485203941351745,0.006073300148199401,-0.1422002669406235,-0.2902234249595277,-0.01460667346775768
LOGC,2020-12-16,2020,24.0,20.04999999999998,-0.1645833333333342,offer-to-close,0.0333333333333333,,14.327568264,cold,True,22.5,high-VIX,-0.15756302521008403,-0.12016805013020837,-0.2336134282814688,-0.14453783222273286,0.04348737786130075,-0.2294117476091999,-0.3617646887856705,-0.6957983236019016,-0.15756302521008403,-0.11945157119640415,-0.2508593559491532,-0.17893566118334636,0.03233693198639398,-0.2688349340844298,-0.4622998121797184,-0.93597047456191
MQ,2021-06-09,2021,27.0,30.520000457763672,0.1303703873245805,offer-to-close,1.0,,14.3166408795,mid,True,17.889999389648438,high-VIX,-0.06809158907591839,-0.08488551714948123,-0.10687022900763354,-0.1429007726771231,-0.1746564675833433,-0.1496183089627564,-0.31267174873643233,-0.6937404661688186,-0.06809158907591839,-0.09726546515153356,-0.14042755857468836,-0.19634225706093378,-0.24099726326696103,-0.28024784113807366,-0.4104558235620914,-0.7081650978998154
ZTO,2016-10-27,2016,19.5,16.56999969482422,-0.15025642590645027,offer-to-close,1.0,,14.262417,cold,True,15.359999656677246,low-VIX,-0.10189707264899395,-0.13333343258679364,-0.21409214374227004,-0.17289964100560862,-0.13821141381354585,-0.3013550703272254,-0.3728996365979238,-0.17289964100560862,-0.10189707264899395,-0.10117115807339461,-0.19635622766532923,-0.17222081942990897,-0.14635824059057156,-0.3689120931716212,-0.4865021106913645,-0.39704937360078996
U,2020-09-18,2020,52.0,68.3499984741211,0.31442304757925177,offer-to-close,1.0,,13.887744546,hot,True,25.82999992370605,high-VIX,-0.1099101750329532,0.17007419459416817,0.08777181642677467,0.2906628392852513,0.20536523577352428,0.9106654443473976,1.0078133980671073,0.27685899052947627,-0.1099101750329532,0.15249985156056134,0.05989307539851674,0.22006665532969638,0.12427683262720568,0.7713837936390313,0.8015990814348486,0.011087033593365714
HCA,2011-03-10,2011,30.0,31.020000457763672,0.03400001525878915,offer-to-close,1.0,,13.849716,cold,True,21.8799991607666,high-VIX,-0.015238080705915258,0.013015904313250948,0.03777790516838064,0.07523783785606519,0.06857149283408392,0.07111101408049114,0.048571236766195014,-0.25142853424565426,-0.015238080705915258,0.03955701932955846,0.026377855029630304,0.05081637263796157,0.047896006587490714,0.07415967348944941,-0.003533892651351511,-0.20590023749871578
OLPX,2021-09-30,2021,21.0,24.5,0.16666666666666674,offer-to-close,1.0,,13.610621157,mid,True,23.13999938964844,high-VIX,-0.07547169811320753,-0.04905657498341687,-0.07886793028633554,0.07811319603110256,-0.012075460182045972,0.015094325227557714,-0.23584905660377353,-0.4713207460799307,-0.07547169811320753,-0.06305255995233816,-0.10308819373779854,0.024168765021907568,-0.0854354581274609,-0.1135101722979559,-0.24037089704577574,-0.24062703169935085
CRBG,2022-09-16,2022,21.0,20.71999931335449,-0.013333366030738647,offer-to-close,1.0,,13.566997248,cold,True,26.299999237060547,high-VIX,-0.004324851268506125,-0.026910202526560734,-0.05382027996425165,-0.030907680298810414,-0.027019402433480666,-0.009523703673563255,0.0686569889360138,-0.1414815152702722,-0.004324851268506125,0.019111001652085013,0.020767269004928535,0.03730863877359203,0.07014466067721703,0.0016294576268456318,0.05050864692416046,-0.37499578246330767
PAGP,2013-10-16,2013,22.0,22.000000476837158,2.1674416261774354e-08,offer-to-close,0.375,,13.429061074,cold,True,14.710000038146973,low-VIX,-0.044309254962016875,-0.06385730374441134,-0.03214589769967047,0.005647472521170593,-0.007819111788746058,0.1542140709920039,0.20502600553204342,0.33946769586338665,-0.044309254962016875,-0.08338889212450973,-0.06449266972962087,-0.026947926749999462,-0.047132702962720874,0.0807724223862929,0.07891732777901983,0.137812816125382
ZTS,2013-02-01,2013,26.0,31.01000022888184,0.19269231649545526,offer-to-close,1.0,,13.0,mid,True,12.899999618530272,low-VIX,-0.02299935562383304,0.04127307198551122,0.07057372469711587,0.010397148523509703,0.08223071484234912,0.04240381042056662,-0.004633889492497767,0.05098775557481461,-0.02299935562383304,0.03639595249819361,0.06924390463469332,0.0303501173801769,0.08193541619332945,-0.005240790822345298,-0.06901869342024058,-0.1734964006985653
GRPN,2011-11-04,2011,20.0,26.110000610351562,0.3055000305175781,offer-to-close,0.05,,12.75606656,mid,True,30.15999984741211,high-VIX,-0.16152854456923815,-0.22125881582190432,-0.15895954068789997,-0.5105973125126483,-0.38856776612597754,-0.2588310610934682,-0.4213230556191202,-0.7675015961948088,-0.16152854456923815,-0.22212405024139115,-0.11743727955793448,-0.4573104706692285,-0.37887973303428246,-0.3218807861485232,-0.5785534872952715,-0.8579938177763387
WMG,2020-06-03,2020,25.0,30.1200008392334,0.20480003356933585,offer-to-close,1.0,,12.75,mid,True,25.65999984741211,high-VIX,-0.023662869796099217,0.00648309642221645,0.05542951420407993,0.015559270489466703,-0.045380835275201425,-0.061406995952328125,-0.0910225686396241,0.1928612023740175,-0.023662869796099217,-0.03378058784821114,0.026150694221562354,-0.01589052907056976,-0.10552544041798595,-0.2932127846304323,-0.30022808810638135,-0.2106484244515281
GDRX,2020-09-23,2020,33.0,50.5,0.5303030303030303,offer-to-close,1.0,,12.659799174,hot,True,28.57999992370605,high-VIX,-0.024719946108006874,0.07377365362842658,0.09038239504646284,-0.009945913514666893,-0.013325582135488068,-0.11877168513261127,-0.011587456320315659,-0.28968714472039403,-0.024719946108006874,0.021986768024284453,0.03072150309692656,-0.11556368549054086,-0.08915088162751506,-0.29608830392043783,-0.2542964565033766,-0.585456097761396
ALLY,2014-04-10,2014,25.0,23.979999542236328,-0.040800018310546915,offer-to-close,1.0,,12.01899425,cold,True,15.890000343322754,low-VIX,-0.03267451970054858,-0.036708644251004396,-0.01613562289755044,-0.029850733900616655,0.016135649954516218,-0.045986116863182214,-0.0060509198337332926,-0.03227110724550297,-0.03267451970054858,-0.04963438360264616,-0.028944032555013655,-0.05793531238262606,-0.003840886073616989,-0.1566002842123052,-0.1689794768683075,-0.27746715454284343
TUYA,2021-03-19,2021,21.0,25.1200008392334,0.19619051615397143,offer-to-close,1.0,,11.923568832,mid,True,20.950000762939453,high-VIX,-0.028615613056944267,-0.04717719632972228,-0.22389796372581505,-0.25328701682700794,-0.30394431996801785,-0.13109060929410654,-0.22815171006500967,-0.7749419868889492,-0.028615613056944267,-0.05758463830131011,-0.28242768303498733,-0.32978687368973836,-0.38751054254883455,-0.22546417333368052,-0.39924745376493354,-1.0027780077874935
AFRM,2021-01-13,2021,49.0,96.36499786376952,0.966632609464684,offer-to-close,1.0,,11.894591779,hot,True,22.209999084472656,high-VIX,-0.06441749646825712,0.05796117690003033,-0.03475729933062788,0.05601938488413993,0.359126266923923,-0.34048543393033226,-0.4839805677099135,0.15660191508172772,-0.06441749646825712,0.025307213308764842,-0.05146392276965617,0.011088465117199409,0.3004629900820235,-0.4071075857337867,-0.5374229126429156,0.019955631798822315
AR,2013-10-10,2013,44.0,52.0099983215332,0.18204541639848193,offer-to-close,1.0,,11.860170498,mid,True,16.479999542236328,low-VIX,-0.05470741750613228,-0.0021810056504248942,0.0032715431420970997,0.02671757921615381,-0.018538721360910948,0.041257732440519446,0.047619027809642,0.19283890780406487,-0.05470741750613228,-0.03054890342365779,-0.04379616325800817,-0.026456481109325525,-0.05453918530879576,-0.0705188794478333,-0.10154849424750023,-0.016555950866509406
CFG,2014-09-24,2014,21.5,23.07999992370605,0.07348836854446739,offer-to-close,1.0,,11.53837880225,mid,True,13.270000457763672,low-VIX,-0.006029258991748554,0.009474732223101245,-0.020240989459539227,-0.05900075216088918,-0.026701001180186812,0.08462254940173008,0.054853178348901244,0.20060116723959842,-0.006029258991748554,0.03581672202876873,-0.006318843747124769,0.015818989577014886,0.008054111228455896,0.04045177911016995,0.01976044008225486,0.10478490042909594
IOT,2021-12-15,2021,23.0,24.700000762939453,0.0739130766495415,offer-to-close,1.0,,11.508536082,mid,True,19.290000915527344,high-VIX,-0.02178214800239786,0.06930693069306937,0.0522772156366027,-0.08950495955967663,-0.04158412820041768,-0.44594060312403305,-0.48158415237275676,-0.49346534804542463,-0.02178214800239786,0.07584714722044161,0.04267784390451812,-0.05792308582869421,0.006036025746715912,-0.24829912075186955,-0.2823339899400866,-0.24017532587619017
XPEV,2020-08-27,2020,15.0,21.21999931335449,0.41466662089029915,offer-to-close,1.0,,11.35756512,hot,True,24.46999931335449,high-VIX,-0.1512000274658205,-0.1987999725341797,-0.23599998474121098,-0.2440000152587889,-0.2827999877929688,1.1555999755859374,0.6491999816894531,0.04480003356933593,-0.1512000274658205,-0.1862937880470681,-0.16522170666499425,-0.16092158485316765,-0.21583585158631236,1.1579018782674444,0.5906276729100013,-0.07325032346455962
EQH,2018-05-10,2018,20.0,20.34000015258789,0.017000007629394576,offer-to-close,1.0,,11.22,cold,True,13.229999542236328,low-VIX,-0.007804870605468861,0.0575608862043091,0.06243874135709215,0.05073191190566506,0.027317107240202976,0.07024379082184029,0.09015095783791693,-0.08927701341857608,-0.007804870605468861,0.06516600739020006,0.06285149874415596,0.03233767648518748,-0.001099760664641014,4.1396620531930495e-05,0.00990461103927398,-0.04831074799643542
PLTK,2021-01-19,2021,27.0,32.400001525878906,0.20000005651403363,offer-to-close,1.0,,11.059067727,mid,True,23.239999771118164,high-VIX,-0.046217239870670834,-0.09155128586534289,-0.14659992907779074,0.009125632512375415,-0.035030842957301855,-0.23167498607110082,-0.18928460485187493,-0.20518095694392202,-0.046217239870670834,-0.13004585529152402,-0.18221854637971802,-0.0449184835980716,-0.09040197711539322,-0.31268229775644285,-0.2426662568346004,-0.3386585721845179
GTLB,2021-10-14,2021,77.0,103.88999938964844,0.34922077129413553,offer-to-close,1.0,,11.0121484165,hot,True,16.860000610351562,low-VIX,-0.01981317592647036,0.06302481781122138,0.017077132035748344,0.12303048569062014,0.14859892742184688,-0.31219923582243736,-0.4811774432796362,-0.4419284581748434,-0.01981317592647036,0.034003552934498416,-0.03090056987805556,0.0368669945191995,0.08324656687667042,-0.35029105804605176,-0.3808332312509829,-0.22810185097270674
ADT,2018-01-19,2018,14.0,12.390000343322754,-0.11499997547694618,offer-to-close,1.0,,10.495801687,cold,True,11.270000457763672,low-VIX,-0.04471857453854333,-0.08249779635236154,-0.008481190386014803,-0.025443122478836844,-0.10717015739842506,-0.28392481977388917,-0.40623827846364824,-0.3217768102938682,-0.04471857453854333,-0.11009226236128333,0.0019195043485717989,0.03611759726015573,-0.09887358400663193,-0.28410212303960825,-0.4309832138761913,-0.4108346340956509
VIK,2024-05-01,2024,24.0,26.100000381469727,0.08750001589457201,offer-to-close,1.0,,10.354920192,mid,True,15.390000343322754,low-VIX,-0.02829487012702958,0.06105731021526495,0.04430374533388415,0.0841399917173069,0.13849587598001922,0.31608330866893497,0.16455696112644635,0.8052866930978126,-0.02829487012702958,0.01707356836056828,-0.030141219031980082,0.0030287369019648125,0.06725366171788916,0.2137930755526145,0.07471768711143811,0.5545238102757797
FRSH,2021-09-22,2021,36.0,47.54999923706055,0.32083331214057065,offer-to-close,1.0,,10.131591456,hot,True,20.8700008392334,high-VIX,-0.024615400265424636,-0.13292306753305283,-0.19466670109675477,-0.15343588804587338,-0.07343593499599355,-0.46441024389022445,-0.5538461538461539,-0.7062564165164262,-0.024615400265424636,-0.1050800681813443,-0.16787891587311454,-0.12754107427601225,-0.08807479180235822,-0.5111402941540406,-0.5374587098500156,-0.5184249057459238
PINS,2019-04-18,2019,19.0,24.399999618530277,0.2842105062384357,offer-to-close,1.0,,10.058082706,mid,True,12.09000015258789,low-VIX,-0.030976992739955356,0.18546465526984202,0.1262907174994008,0.1536933631843238,0.06036538678878545,0.0528196945030488,0.3447180381245507,-0.2490071636923239,-0.030976992739955356,0.1680677674492197,0.10643920903782211,0.16644742441395388,0.08357875442864382,0.019802555356347895,0.35833801087593165,-0.4067079088201151
CHYM,2025-06-12,2025,27.0,37.11000061035156,0.37444446705005796,offer-to-close,1.0,,9.839381526,hot,False,18.020000457763672,high-VIX,-0.17423227093077498,-0.3429016112809785,-0.2643524169214678,-0.29572762381617246,-0.32910546195229806,-0.4592790391716113,-0.5903426700046541,-0.49310188289354384,-0.17423227093077498,-0.3301033908636325,-0.292545691402739,-0.33131226650330914,-0.3725315171257041,-0.5482909253513215,-0.7385949099403148,-0.6244041404930978
RACE,2015-10-21,2015,52.0,55.0,0.05769230769230771,offer-to-close,1.0,,9.824048,mid,False,16.700000762939453,low-VIX,-0.09791702642570932,-0.14925372877191623,-0.12350329397172544,-0.10874207003065173,-0.22453673762420578,-0.3165491975057798,-0.35148430411054354,-0.3018647173061282,-0.09791702642570932,-0.20970746567212384,-0.19325782974702255,-0.16101113763376274,-0.28136334072249025,-0.2593378833063006,-0.3387725942432438,-0.3425650983854216
LI,2020-07-30,2020,11.5,16.459999084472656,0.43130426821501366,offer-to-close,1.0,,9.617956,hot,False,24.76000022888184,high-VIX,-0.059428623744419595,0.05714285714285716,-0.13371429443359373,-0.15714285714285714,0.1074285234723773,0.05142854963030152,0.7994285583496095,0.10000000000000009,-0.059428623744419595,0.005406049884957076,-0.17717962454674507,-0.22913779517714394,-0.007150394401988391,-0.03898643999245133,0.622811568704388,-0.20173901184157383
ZM,2019-04-18,2019,36.0,62.0,0.7222222222222223,offer-to-close,1.0,,9.230190678,hot,False,12.09000015258789,low-VIX,-0.06060606060606055,0.003333351828835207,0.1996969743208452,0.20651510990027222,0.3633333841959636,0.4712120980927439,0.389848535711115,0.06545454083066993,-0.06060606060606055,-0.014063535991787113,0.17984546585926653,0.2192691711299023,0.386546751835822,0.438194958946043,0.40346850846249593,-0.09224620429712127
TPG,2022-01-13,2022,29.5,34.0,0.15254237288135597,offer-to-close,1.0,,9.054959982,mid,False,20.309999465942383,high-VIX,-0.028293844840712068,-0.04601312448993433,-0.061731834019308596,-0.05458704284714122,-0.11431835999417161,-0.21063170713828416,-0.19794793532442267,-0.16229779788227405,-0.028293844840712068,0.022752575361026706,0.006742707599391884,-0.002556095938172742,-0.033293147798815204,-0.1143848686818989,0.04053347494017878,0.10983134792800975
S,2021-06-30,2021,35.0,42.5,0.2142857142857142,offer-to-close,1.0,,8.923272382499999,mid,False,15.829999923706056,low-VIX,-0.08602150537634412,0.07526881720430101,-0.0666666338520665,0.027311837801369254,0.08731185749012926,0.3131183091030325,0.438924809937836,-0.18989251249579975,-0.08602150537634412,0.06302389283875631,-0.08384898340780289,0.0004519150851187703,0.05331344173432595,0.25862548437506816,0.31305538547861556,-0.16402633167820013
CHWY,2019-06-14,2019,22.0,34.9900016784668,0.5904546217484907,offer-to-close,1.0,,8.7692,hot,False,15.279999732971191,low-VIX,-0.15360421990041007,-0.21915823270077706,-0.1533623640345102,-0.16787611516916112,-0.19956458562043689,-0.26366714025877747,-0.321238525341761,-0.3287373029130759,-0.15360421990041007,-0.2516262489900558,-0.17807137063488587,-0.20888277626833507,-0.26493466975751456,-0.30977676449489044,-0.3761110180069439,-0.48304407153489104
PCOR,2021-05-20,2021,67.0,88.0,0.31343283582089554,offer-to-close,1.0,,8.685223902499999,hot,False,20.670000076293945,high-VIX,-0.022765163601155436,-0.08606329525103462,-0.097834590665417,-0.06729600202795316,0.011104941322714001,-0.0011105619114543108,-0.022543102053251718,-0.30483069014289044,-0.022765163601155436,-0.09837967234299028,-0.11842258181043275,-0.10503583886029566,-0.030861650889352665,-0.12451169751305813,-0.11942251199640264,-0.39743466677595374
ELAN,2018-09-20,2018,24.0,36.0,0.5,offer-to-close,1.0,,8.661780192,hot,False,11.800000190734863,low-VIX,-0.00027765404052304543,0.004998620204548443,-0.05526237035616732,-0.1005276062376288,-0.11691194892267376,-0.11802272398635338,-0.18966948999476152,-0.09552898603308013,-0.00027765404052304543,-0.002820692113766121,-0.044371126424862406,-0.02032614948165834,-0.05612597515004636,0.02818085180421037,-0.10426751635619091,-0.09483057112409243
BIRK,2023-10-11,2023,46.0,40.20000076293945,-0.12608693993609887,offer-to-close,1.0,,8.639996,cold,False,16.09000015258789,low-VIX,-0.05422892006241731,-0.09422423167798843,-0.07775556339545653,-0.09422423167798843,-0.006940406451698022,0.11586870046581388,0.22291490968173822,0.3026702162212178,-0.05422892006241731,-0.07307771307480204,-0.02150865558332793,-0.05581043540988884,-0.011573786645843409,0.022252144276641017,0.07350364556613531,-0.00260517100622093
CART,2023-09-19,2023,30.0,33.70000076293945,0.12333335876464835,offer-to-close,1.0,,8.35012437,mid,False,14.109999656677246,low-VIX,-0.2153667016458265,-0.3040745318114215,-0.3820721666103418,-0.37322468921764074,-0.4291036083305171,-0.420721799329164,-0.3974389126647503,-0.21350411689759874,-0.2153667016458265,-0.261735480604954,-0.34165268490583045,-0.3697638705334736,-0.4245885504197915,-0.5122944923058123,-0.5579300457927233,-0.471119069376028
DBX,2018-03-23,2018,21.0,28.479999542236328,0.3561904543922061,offer-to-close,1.0,,8.2417336155,hot,False,24.8700008392334,high-VIX,-0.09873420258130661,-0.05031645991752154,-0.046202562474569775,-0.08164556622027663,-0.07879746016010514,0.25632912290151655,-0.11993673638528823,-0.3034810138233882,-0.09873420258130661,-0.031390306421735126,-0.041281841655740115,-0.10744860171762594,-0.10012105689684869,0.14361248327250165,-0.2397344726448326,-0.33630663957544094
PTON,2019-09-26,2019,29.0,25.76000022888184,-0.1117241300385573,offer-to-close,1.0,,8.078682365999999,cold,False,16.06999969482422,low-VIX,-0.07934236417707441,-0.20192993963425543,-0.17298070878385174,-0.14724799854501625,-0.23731234804436774,0.07183703580293854,0.16869196918957052,0.7848462989187552,-0.07934236417707441,-0.18445199381069288,-0.16928470137172835,-0.16926736152835253,-0.2621833141348908,-0.046074163664244105,-0.039011380970684684,0.5187275650157881
SARO,2024-10-02,2024,24.0,32.75,0.36458333333333326,offer-to-close,1.0,,8.02707912,hot,False,18.899999618530277,high-VIX,-0.007876350643847174,-0.01817626490849289,-0.02817317593960178,-0.04998478627929259,-0.10966371147990495,-0.2250832709973326,-0.15752799515287275,-0.0872462680159517,-0.007876350643847174,-0.04141507761458052,-0.04676423886950842,-0.06328486924564714,-0.139604487454983,-0.3110935122584365,-0.25546729063902185,-0.21197860913576572
SRAD,2021-09-14,2021,27.0,25.049999237060547,-0.07222225047923903,offer-to-close,1.0,,7.98714,cold,False,19.459999084472656,high-VIX,-0.07325199405426597,-0.04180543985977481,-0.10284870943488356,-0.14391421376910907,-0.1990381402680942,-0.33333333333333337,-0.5297817345440727,-0.6366999835232743,-0.07325199405426597,-0.018610446138046632,-0.06290005055593562,-0.09732274908818583,-0.15180658566822325,-0.3994020470321701,-0.4692089884126742,-0.45509173311829
OSCR,2021-03-03,2021,39.0,34.79999923706055,-0.10769232725485778,offer-to-close,1.0,,7.922113602,cold,False,26.670000076293945,high-VIX,-0.053576317546310426,0.0,-0.06173512182495444,-0.27549635414748463,-0.2689693003500869,-0.33260808784281826,-0.47076424144118156,-0.6755507164358259,-0.053576317546310426,-0.005563729389360672,-0.1029435677592705,-0.2855360808130336,-0.3025219658335564,-0.41069218012731434,-0.6458797416849026,-0.9655795128195037
PECO,2021-07-15,2021,28.0,27.82999992370605,-0.0060714312962124595,offer-to-close,1.0,,7.8624,cold,False,17.010000228881836,low-VIX,-0.021104480303522855,-0.024973804349702422,-0.018993903928617772,-0.004572489701665461,0.06577591293119678,0.10301726622020557,0.18231291662805993,0.23686322876767218,-0.021104480303522855,-0.03448790294248749,-0.03552591139749617,-0.029952509537007455,0.046331771253218745,0.10013127012332279,0.06049476348259519,0.22761321223531628
DDOG,2019-09-19,2019,27.0,37.54999923706055,0.3907407124837239,offer-to-close,1.0,,7.825535955,hot,False,14.050000190734863,low-VIX,-0.09387064475289919,-0.21718147437870083,-0.20632238224906407,-0.14092664927898613,-0.18050192543721033,-0.06394782333495674,0.059845550782376744,0.8470078053090391,-0.09387064475289919,-0.20121950074241934,-0.17316144529967203,-0.12132766380345306,-0.18620784229283738,-0.1405287221959831,-0.09520104224810177,0.5864869619958821
EQGP,2015-05-12,2015,27.0,32.91999816894531,0.2192591914424189,offer-to-close,1.0,,7.676424107999999,mid,False,13.859999656677246,low-VIX,-0.018777975631645183,-0.01639317972775345,-0.008047635382770202,-0.056333784558511124,-0.016095326912060393,-0.08330401008687327,-0.19942077490362142,-0.3765865451852214,-0.018777975631645183,-0.03643425271874845,-0.03755257612982377,-0.08064289441152084,-0.03196075077554339,-0.11043367216356692,-0.18150669334637137,-0.3303475208365608
ACI,2020-06-26,2020,16.0,15.449999809265137,-0.034375011920928955,offer-to-close,1.0,,7.664432,cold,False,34.72999954223633,high-VIX,-0.06363637519605225,-0.05939395266779024,-0.1515150516815913,-0.05515153013952834,-0.07636355424763575,-0.15757576912179727,-0.07125766739586659,0.16606540896021094,-0.06363637519605225,-0.13503322737021772,-0.22777859352833607,-0.1657170020603428,-0.15920415884655692,-0.29186969560258846,-0.21458468955557752,-0.170879893275234
BZ,2021-06-11,2021,19.0,37.20000076293945,0.9578947769968134,offer-to-close,1.0,,7.599050304,hot,False,15.649999618530272,low-VIX,-0.02105261150159332,1.8214842967267941e-09,0.10657900372862228,-0.044473540313224924,-0.10105252168281109,0.010789505764611906,-0.06184200508838689,-0.14999995755878326,-0.02105261150159332,-0.004073037710876859,0.08130251127761956,-0.09668322208771618,-0.16435222097624735,-0.11027829282926471,-0.16464992059196215,-0.16990133170391675
KVYO,2023-09-20,2023,30.0,32.7599983215332,0.09199994405110679,offer-to-close,1.0,,7.555677494999999,mid,False,15.140000343322754,low-VIX,-0.17000260176456083,-0.11147710640482533,-0.16848242513838063,-0.15024069221627812,-0.2229541644856431,-0.23055485432051415,-0.34127187241224943,-0.4302001754354766,-0.17000260176456083,-0.08541698781179574,-0.15534251185421288,-0.16856506801750937,-0.21974452492991536,-0.3371274957158926,-0.5108928013895648,-0.705073713784841
MRNA,2018-12-07,2018,23.0,18.600000381469727,-0.19130433124044666,offer-to-close,1.0,,7.5142319855,cold,False,23.229999542236328,high-VIX,-0.18241756564968237,-0.19472528813959478,-0.3639560322185139,-0.3287911886697287,-0.2549450214092548,-0.09494504823789496,-0.010549440488710315,-0.36219779213706216,-0.18241756564968237,-0.1928664218991969,-0.27838181833798725,-0.2874068620727436,-0.24624769399820967,-0.16025962399914417,-0.17716329807959674,-0.5129224007761773
MNDY,2021-06-10,2021,155.0,178.8699951171875,0.1539999684979838,offer-to-close,1.0,,7.3993745,mid,False,16.100000381469727,low-VIX,-0.01719782902644229,0.20802198137555816,0.2775824410574774,0.26346152169363846,0.27494501805567473,1.0868681184538116,0.9719779884422219,-0.14703293685074692,-0.01719782902644229,0.19336044301494626,0.24835961559269726,0.22047221217347412,0.21301219415887984,0.9644568992571652,0.8745901296362764,-0.16656428394027734
RELY,2021-09-23,2021,43.0,48.45000076293945,0.12674420378928963,offer-to-close,1.0,,6.998840648,mid,False,18.6299991607666,high-VIX,-0.0969245221816285,-0.3159366315164662,-0.269151948382348,-0.28611373443137833,-0.33830383988197976,-0.6417521199121788,-0.7623485622111336,-0.8242311269902374,-0.0969245221816285,-0.27566653897342064,-0.24231422119829416,-0.26908855308918833,-0.3498058311192067,-0.6737379320367319,-0.7435991926090537,-0.6005905509249416
AVTR,2019-05-17,2019,14.0,14.5,0.03571428571428581,offer-to-close,1.0,,6.967768353,cold,False,15.960000038146973,low-VIX,-0.03010032207400115,0.15852842246126952,0.175919742340799,0.15719059918241718,0.2454850218589173,0.09230770114028197,-0.012709002194471575,0.25418061800775704,-0.03010032207400115,0.18518937013755676,0.24650568755340507,0.15658991366966335,0.2416607444835892,0.060803748281384795,-0.055565214797445694,0.0034820816955343226
COMP,2021-04-01,2021,18.0,20.149999618530277,0.11944442325168203,offer-to-close,1.0,,6.9646671,mid,False,17.329999923706055,low-VIX,-0.08864771314857589,-0.2170963822661267,-0.18453187747972555,-0.20307551547583458,-0.13975576966475511,-0.38308457861657785,-0.2799638337033583,-0.5522388355839645,-0.08864771314857589,-0.25573200535721874,-0.2382645563944723,-0.24882836216665072,-0.1811027529422784,-0.47412878655767365,-0.41150888753961223,-0.7467981131126658
KOS,2011-05-11,2011,18.0,18.239999771118164,0.013333320617675781,offer-to-close,1.0,,6.961239558,cold,False,16.950000762939453,low-VIX,-0.07411172260297116,-0.07461939405712181,-0.04923866090227391,-0.046192835002562105,-0.05685282000117087,-0.33604068187930536,-0.3248731268391416,-0.3573604490513316,-0.07411172260297116,-0.062366093866363825,-0.015712255713051793,-0.019814323930463784,-0.0012024211350772918,-0.254194263807608,-0.2922346859265076,-0.3934361901322265
MRVI,2020-11-20,2020,27.0,29.850000381469727,0.10555556968406399,offer-to-close,1.0,,6.955757415,mid,False,23.700000762939453,high-VIX,-0.08040661665487947,-0.13277879197489195,-0.17375229663350023,-0.2073320927928074,-0.09026489465394727,0.10012323141298696,0.06531123864375399,0.5403574063536452,-0.08040661665487947,-0.164599199740878,-0.23184847764575867,-0.2543742012074076,-0.1560406350936594,-0.041897561428143604,-0.07825559049142594,0.27386776475336294
CRCL,2025-06-05,2025,31.0,83.2300033569336,1.6848388179655998,offer-to-close,1.0,,6.898743565,hot,False,18.479999542236328,high-VIX,-0.19778310017413403,0.026891575089420083,1.3159517954631026,0.7390842667545181,0.9996145225432982,0.1579758977315513,0.29600006471197293,-0.40848193800593,-0.19778310017413403,0.009989696208196452,1.312064450970614,0.6935125940814759,0.9465265536542082,0.07896287162733717,0.15389444295714827,-0.5709338574925663
IHS,2021-10-14,2021,21.0,17.0,-0.19047619047619047,offer-to-close,1.0,,6.886681556999999,cold,False,16.860000610351562,low-VIX,-0.08008655729962366,-0.07575755699184694,-0.10606055914628398,-0.11471855976183742,-0.13906925100027434,-0.3241341947778692,-0.39880952749564913,-0.42857139171017544,-0.08008655729962366,-0.1047788218685699,-0.1540382610600879,-0.20088205093325806,-0.2044216115454508,-0.3622260170014836,-0.29846531546699584,-0.2147447845080388
CRWD,2019-06-12,2019,34.0,58.0,0.7058823529411764,offer-to-close,1.0,,6.733325370999999,hot,False,15.90999984741211,low-VIX,-0.13432835820895528,0.15253733165228556,-0.06492535036001634,0.0035820576682019656,0.05791040676743231,0.1340299008497552,-0.2979104340966068,-0.10985075537838151,-0.13432835820895528,0.1263776346651635,-0.08609856921467152,-0.04864575149912276,0.000296309838197395,0.0809773914697407,-0.35363716740462037,-0.24574530561046315
ROOT,2020-10-28,2020,27.0,26.99999999999997,-9.992007221626409e-16,offer-to-close,0.0555555555555555,,6.732464985,cold,False,40.27999877929688,high-VIX,-0.08412485567642813,-0.21879240709058634,-0.22862958686708967,-0.4175712554143626,-0.4229986728787627,-0.25949798056270024,-0.6099050311214416,-0.7299864412331898,-0.08412485567642813,-0.27500643148989357,-0.2953355270913879,-0.48556537297398583,-0.5137065398531149,-0.4713429412844976,-0.7564353481712287,-1.0411858384967216
LFST,2021-06-10,2021,18.0,21.899999618530277,0.21666664547390435,offer-to-close,1.0,,6.730178759999999,mid,False,16.100000381469727,low-VIX,-0.0373626541305373,0.1428571428571428,0.24527472192114508,0.21450545761611428,0.2703296535617705,-0.2857142857142857,-0.5006593557504507,-0.5767032916729267,-0.0373626541305373,0.1281956044965309,0.2160518964563649,0.17151614809594995,0.20839682966497564,-0.40812550491093214,-0.5980472145563963,-0.5962346387624571
VICI,2018-02-01,2018,20.0,20.88999938964844,0.044499969482421964,offer-to-close,1.0,,6.7040784,cold,False,13.470000267028809,low-VIX,-0.020628248271515326,-0.06235346898109717,-0.0693857393879781,-0.07079212408678415,-0.09048275875633183,-0.14023533469520588,-0.025789340141538775,0.044058162703683346,-0.020628248271515326,0.024036346463029323,-0.05593033942426606,-0.0720423626279656,-0.07875396083806907,-0.09999402447128536,-0.07434391237334204,0.007233730259168958
CG,2012-05-03,2012,22.0,22.049999237060547,0.002272692593661141,offer-to-close,1.0,,6.699,cold,False,17.559999465942383,high-VIX,-0.01781743930001245,-0.0325166920435509,-0.06013344291556322,-0.09175936450221245,-0.06369695214569182,0.07839624032589732,0.1896652562214678,0.3123986464091244,-0.01781743930001245,3.8059740657958585e-05,0.011305987196963851,-0.0284586710189918,0.025828306933605272,0.09921040868479392,0.15594587117275727,0.2827537901000212
PAGS,2018-01-24,2018,21.5,29.200000762939453,0.3581395703692769,offer-to-close,1.0,,6.6931010805,hot,False,11.470000267028809,low-VIX,-0.009833808424194346,-0.05256018059854661,-0.045439129944241374,-0.05629023525122423,0.09155639873689214,0.24584603432573382,0.15734135262645266,-0.1247880678403116,-0.009833808424194346,-0.05843849507259835,0.003251828096557552,-0.022266099117972504,0.11299216275622381,0.28056321010410334,0.1206881586504871,-0.15018429055438476
GOCO,2020-07-15,2020,21.0,19.45999959309894,-0.0733333527095743,offer-to-close,0.0666666666666666,,6.585227943,cold,False,27.76000022888184,high-VIX,-0.25866668216765876,-0.16266663566468254,-0.33295239645337305,-0.3352380952380952,-0.39657141307043653,-0.48228569878472227,-0.542095230344742,-0.5626666744171627,-0.25866668216765876,-0.17811329422664313,-0.3286213762458142,-0.3741422551768686,-0.438579945379135,-0.5608984036668302,-0.6627550364242386,-0.8105357433170364
ONON,2021-09-15,2021,24.0,35.0,0.45833333333333326,offer-to-close,1.0,,6.576552120000001,hot,False,18.18000030517578,high-VIX,-0.07894736842105265,-0.05921052631578949,-0.1868421153018348,-0.2213157854582134,-0.19210524308054067,0.03710525914242391,-0.29999998996132293,-0.40315788670590047,-0.07894736842105265,-0.03786331723285208,-0.13824627719584592,-0.1737526356036736,-0.14541600223145112,-0.005525431298865957,-0.2367632264257452,-0.23775685652687617
BMBL,2021-02-11,2021,43.0,70.30999755859375,0.6351162222928779,offer-to-close,1.0,,6.5448688145,hot,False,21.25,high-VIX,-0.11670855645239286,-0.09861807317337101,-0.15439699938591045,-0.22550247854688021,-0.1298994539711239,-0.33278892426589357,-0.31645727524603595,-0.3202261099547211,-0.11670855645239286,-0.08797794516922719,-0.09330554986621775,-0.14809185586680007,-0.07275307981724,-0.30765751429482835,-0.3578007616273384,-0.47265170077022434
STNE,2018-10-25,2018,24.0,31.350000381469727,0.306250015894572,offer-to-close,1.0,,6.541621548,hot,False,24.21999931335449,high-VIX,-0.02609500717848079,-0.08605154059312747,-0.1394842269661679,-0.2345448915370033,-0.32152837116612487,-0.28859892741499016,-0.0705187353882023,0.10841880473605858,-0.02609500717848079,-0.0918976887951275,-0.15936062547083585,-0.2171823011952676,-0.2522543320098659,-0.24537977051218152,-0.0740246835487236,-0.022924770509351156
SHC,2020-11-20,2020,23.0,25.100000381469727,0.09130436441172729,offer-to-close,1.0,,6.442311097499999,mid,False,23.700000762939453,high-VIX,-0.07037035624186194,0.002222202442310417,-0.0003703788474753722,-0.05666669209798192,-0.018888897365993973,0.03666665818956161,-0.05444441901312935,-0.09000001130280666,-0.07037035624186194,-0.02959820532367563,-0.05846655985973381,-0.10370880051258213,-0.0846646378057061,-0.10535413465156895,-0.19801124814830928,-0.35648965290308887
NIO,2018-09-12,2018,6.26,6.599999904632568,0.05431308380711952,offer-to-close,1.0,,6.4165,cold,False,13.140000343322754,low-VIX,-0.04761903778938015,0.22655125693383527,0.08225110905926636,-0.09090904086714735,0.11832614602790859,0.00865800061555344,-0.054834003898505124,-0.5728715567866625,-0.04761903778938015,0.2258941108767336,0.07117862403083852,-0.11119957830650895,0.1760593391068368,0.12318087577229653,0.05291836069853062,-0.5106784493097704
COTY,2013-06-13,2013,17.5,17.360000610351562,-0.007999965122767905,offer-to-close,1.0,,6.3865725,cold,False,16.40999984741211,low-VIX,-0.00913241114335761,-0.04394984474366559,-0.015981634067291806,-0.014840161666672458,-0.0011415215586948468,-0.11187205006976497,-0.057220011804507975,-0.1381454060482824,-0.00913241114335761,-0.020173151586780014,0.0027760257691300527,-0.01552247722529021,-0.03932536791604824,-0.18493719058072933,-0.1957363803666229,-0.38726735859024963
LEVI,2019-03-21,2019,17.0,22.40999984741211,0.3182352851418888,offer-to-close,1.0,,6.3366563895,hot,False,13.630000114440918,low-VIX,-0.031965433404406496,-0.019870344324777633,-0.06306677550269979,-0.005183436723456336,0.027645720367696747,-0.05701913493048261,-0.1870411504716879,-0.2516318244148257,-0.031965433404406496,0.003463349765843393,-0.06931052407349003,-0.01865772142030686,0.0012450947447357752,-0.06342766812044409,-0.25078888337397454,-0.3673043429138192
BLCO,2022-05-06,2022,18.0,20.0,0.11111111111111116,offer-to-close,1.0,,6.332868,mid,False,30.190000534057617,high-VIX,-0.00990102749433508,-0.12277234435233142,-0.14950496750992248,-0.12425743238024445,-0.20000003776927844,-0.26633667648101356,-0.12079210108418603,-0.15148521077806787,-0.00990102749433508,-0.09913438646721628,-0.08298904174877264,-0.12377225743996534,-0.1934354002012335,-0.3124502572097112,-0.06391085498815419,-0.08759675931802935
AS,2024-02-01,2024,13.0,13.399999618530272,0.030769201425405512,offer-to-close,1.0,,6.2985,cold,False,13.880000114440918,low-VIX,-0.028985548309857778,0.10000000691068323,0.12318839027310258,0.1260869381934051,0.2797101161830997,0.10217390057420173,0.036956537813980894,0.3695651708193082,-0.028985548309857778,0.07413952560925896,0.09325085323334115,0.0907688094357435,0.22346203705148704,0.07505191630553254,-0.07387792512604663,0.1924349813258477
INVH,2017-02-01,2017,20.0,20.0,0.0,offer-to-close,1.0,,6.20753626,cold,False,11.8100004196167,low-VIX,-0.02056807417848805,0.020568348232546718,0.023996131964832967,0.05680681252760178,0.06366309002125647,0.055337880694802166,0.05335713623194893,0.12377450713108651,-0.02056807417848805,0.012037636153712228,-0.0067779855862308835,0.020292559488643613,0.02101017721285192,-0.031107631114895673,-0.05897335009848681,-0.0713417895590378
STVN,2021-07-16,2021,21.0,19.670000076293945,-0.06333332970028827,offer-to-close,1.0,,6.206340756,cold,False,18.450000762939453,high-VIX,0.0,0.03406194834430831,0.026436122911205118,0.04829692710217759,0.05287224582241046,0.16420931676123152,0.1687848316366074,0.02999476952310065,0.0,0.004419977083827131,0.00694502916146611,0.019074472391035657,0.021496518772385675,0.16088902246369652,0.050936080177061305,0.01444015696235712
DLO,2021-06-03,2021,21.0,32.38999938964844,0.5423809233165922,offer-to-close,1.0,,6.1512335325,hot,False,18.040000915527344,high-VIX,-0.03313434657765868,-0.04358200755457775,0.02835819945718132,0.3602985757003687,0.5543284911078488,1.009850881870022,0.5080598965128138,-0.03999992633767857,-0.03313434657765868,-0.07494572474603933,-0.018126896437625994,0.29879549661071425,0.47862715985017634,0.8690138108922931,0.4195641096177227,-0.09053479082666749
GFL,2020-03-03,2020,19.0,16.799999237060547,-0.11578951383891856,offer-to-close,1.0,,6.1486163245,cold,False,36.81999969482422,high-VIX,-0.06406693465179458,-0.07242361772991368,-0.13871885150786334,-0.18050162359007826,-0.16156010524965048,0.0636606576393779,0.04805131588179257,0.33866255292091485,-0.06406693465179458,-0.046788642644880474,-0.008205195874901205,-0.05911240794952444,-0.07241420559022227,-0.03658815568079299,-0.21695040250905606,-0.06641579655617225
MNSO,2020-10-15,2020,20.0,20.8799991607666,0.04399995803833012,offer-to-close,1.0,,6.07950016,cold,False,26.96999931335449,high-VIX,-0.16144580398997432,-0.19076308022098631,-0.2369476824997444,-0.18112458330841008,-0.19558215448022553,0.24859453904648343,0.09156626418932978,-0.21646585478588887,-0.16144580398997432,-0.17035629723523238,-0.18968836413651036,-0.19591244129808638,-0.18972227084280702,0.16452335142592944,0.01125940292463845,-0.4633387476890152
TW,2019-04-04,2019,27.0,35.810001373291016,0.3262963471589264,offer-to-close,1.0,,6.0506220105,hot,False,13.579999923706056,low-VIX,-0.012137893150592771,0.16027550609129482,0.08579299861532164,0.10979289954653071,0.08055152206370275,0.21246143465920975,0.2569583546721519,0.2981412758542914,-0.012137893150592771,0.15308983548580768,0.0657611951076722,0.07201571717979172,0.040270548577641785,0.1799728669992986,0.22921585292632463,0.145495975346013
RYAN,2021-07-22,2021,23.5,27.5,0.17021276595744683,offer-to-close,1.0,,6.00779714875,mid,False,17.690000534057617,high-VIX,-0.03271193440706621,0.033767135330680764,0.05205767996291821,0.05276116509883444,0.06401678947033074,0.30777349334470405,0.41083372124850626,0.3879703854296537,-0.03271193440706621,0.026815366270817265,0.03634128604165121,0.042924707045365995,0.0639892578825807,0.29293880067878253,0.3114157769881476,0.41150618180154275
BRZE,2021-11-17,2021,65.0,93.38999938964844,0.4367692213792067,offer-to-close,1.0,,5.8666290475,hot,False,17.110000610351562,low-VIX,-0.015704025157060597,-0.2195404174182748,-0.29395025502747596,-0.2943718498492012,-0.3573987880938019,-0.33357924354325874,-0.504637422422492,-0.4812394324881789,-0.015704025157060597,-0.22238229515180163,-0.2745352154932993,-0.2845638799820218,-0.3302630575986586,-0.20859848727315644,-0.4404913930697576,-0.29137603910073084
GTES,2018-01-25,2018,19.0,18.5,-0.02631578947368418,offer-to-close,1.0,,5.8093296005,cold,False,11.579999923706056,low-VIX,-0.04688304248149888,0.0159711215033167,-0.06543021472166544,-0.05306546598365047,-0.12107163317587799,-0.166409045215267,-0.21689850959521173,-0.15662024894781368,-0.04688304248149888,0.01828784617655399,0.02307618397874256,-0.03732451380378532,-0.12000225058534619,-0.12959638865203293,-0.257133802452849,-0.16965900911808873
RBRK,2024-04-25,2024,32.0,37.0,0.15625,offer-to-close,1.0,,5.621859392,mid,False,15.369999885559082,low-VIX,-0.07499999999999996,-0.15225000381469722,-0.1600000381469726,-0.12849998474121094,-0.18100004196166997,-0.08975000381469722,-0.18424997329711912,0.6272499084472656,-0.07499999999999996,-0.1580221435311675,-0.19903868602020913,-0.19336036058558137,-0.24981846477604686,-0.22388572385839778,-0.2711673821763386,0.4317957165242925
BSY,2020-09-23,2020,22.0,33.4900016784668,0.5222728035666726,offer-to-close,1.0,,5.619544909,hot,False,28.57999992370605,high-VIX,0.0,-0.06240663081149633,-0.10211988291283247,0.10988353787370309,0.1260077329870486,0.09773226854342609,0.34190562811680913,0.9084237452588868,0.0,-0.11419351641563846,-0.16178077486236875,0.004265765897829121,0.050182433495021606,-0.07958435024440047,0.09919662793374817,0.6126547922178849
ULS,2024-04-12,2024,28.0,34.939998626708984,0.24785709381103516,offer-to-close,1.0,,5.6,mid,False,17.309999465942383,low-VIX,-0.0008579523290487279,-0.03202761571893509,-0.02716638385203296,0.012296041118315726,0.04889883946785356,0.25083665436851366,0.5265370740144626,0.4456732002545385,-0.0008579523290487279,0.021865941601495575,-0.01057854147884385,0.018661868673434,0.04025110475788107,0.10140957392070926,0.4238677248602818,0.26377806210711197
ALAB,2024-03-20,2024,36.0,62.02999877929688,0.7230555216471357,offer-to-close,1.0,,5.547551417999999,hot,False,13.039999961853027,low-VIX,-0.0231496255228838,0.25858264832984745,0.09874010461521898,0.19039364311638773,0.11685036486528055,0.006614144392839583,-0.3351180910125492,0.8059842567744218,-0.0231496255228838,0.2561940762664212,0.11773639960317361,0.18678818966903576,0.1627299146740926,-0.07320202538349219,-0.36776385588920746,0.6266035098638496
DDL,2021-06-29,2021,23.5,23.520000457763672,0.0008510833090924486,offer-to-close,1.0,,5.538503312,cold,False,16.020000457763672,low-VIX,-0.21573855827719668,-0.1267088784948952,-0.2240746703781632,-0.2140713612967986,-0.12570858574645172,-0.22874293640235632,0.0073357557530346895,-0.85828609428357,-0.21573855827719668,-0.14349824338998818,-0.2468360176047114,-0.23257900280089006,-0.15624504835652608,-0.2805852679990377,-0.11568617773508727,-0.8192496529097273
LZ,2021-06-30,2021,28.0,37.84999847412109,0.35178565979003884,offer-to-close,1.0,,5.474235536,hot,False,15.829999923706056,low-VIX,-0.02423311212220114,-0.04820837077715778,-0.0719257759648706,0.007218323606298149,-0.061356045680384,-0.32327921164105144,-0.35060582780305505,-0.6225831400415751,-0.02423311212220114,-0.06045329514270248,-0.08910812552060698,-0.019641599109952335,-0.09535446143618731,-0.3777720363690158,-0.4764752522622755,-0.5967169592239755
TTAN,2024-12-12,2024,71.0,101.0,0.42253521126760574,offer-to-close,1.0,,5.446592399,hot,False,13.920000076293944,low-VIX,-0.03809523809523807,0.01095239548456095,0.03228570847284229,-0.031904747372581865,-0.08352377755301343,-0.215809558686756,0.19400002615792422,-0.04466668991815459,-0.03809523809523807,0.03437125073646441,0.03816859754557389,-0.029788608630533453,-0.0443868957436272,-0.10677857729382023,0.2936622151638181,-0.1418457168916204
ABCL,2020-12-11,2020,20.0,58.900001525878906,1.9450000762939452,offer-to-close,1.0,,5.368778880000001,hot,False,23.309999465942383,high-VIX,-0.18092061568181594,-0.3155333234027077,-0.4361007207342552,-0.4644695263473504,-0.44444446212718247,-0.4993742432672268,-0.5921290720339577,-0.7666527627297677,-0.18092061568181594,-0.34273213942424696,-0.47385706817491646,-0.49950429923543926,-0.4863162466317327,-0.5549199465015877,-0.7200557208814503,-1.0307294103284481
REYN,2020-01-31,2020,26.0,28.549999237060547,0.09807689373309803,offer-to-close,1.0,,5.360231396,mid,False,18.84000015258789,high-VIX,-0.030889337260425753,0.025118917007382002,0.05227424842052408,0.025797858025790266,-0.04175159723661748,0.09412284772149371,0.08490267579838662,0.07402074675914716,-0.030889337260425753,-0.021121889012179373,-0.01879886030650013,0.015208017296931331,-0.029654900272135243,0.12662061027596072,-0.04142534560592481,-0.24805728814247363
BRX,2013-10-30,2013,20.0,20.399999618530277,0.019999980926513894,offer-to-close,1.0,,5.2817896,cold,False,13.649999618530272,low-VIX,-0.021582770009893282,-0.023981280199407262,-0.03980842239108162,-0.03261363164678033,-0.03405291860641435,-0.018810895186724408,0.027039218936762754,0.15596690977767924,-0.021582770009893282,-0.024222117142918664,-0.04655694849953751,-0.029238655755933096,-0.06104722670784335,-0.05668349743346324,-0.07231910590532875,-0.01523445007018931
FIGR,2025-09-11,2025,25.0,31.11000061035156,0.24440002441406228,offer-to-close,1.0,,5.2129122,mid,False,14.710000038146973,low-VIX,-0.18239155757852044,0.134691198495696,0.05992122574797398,0.08488829453353386,0.2622864584059139,0.024967169040417625,0.8063076145870418,-0.12194479586556983,-0.18239155757852044,0.11544724590583066,0.04256375214042962,0.04661918147862942,0.21549829743028992,-0.04715504324793818,0.7485939020895434,-0.3983075687316543
INGM,2024-10-24,2024,22.0,24.600000381469727,0.11818183552135131,offer-to-close,1.0,,5.166162782,mid,False,19.07999992370605,high-VIX,-0.042428965742638214,-0.05605300650973699,-0.05877778430097835,-0.086415108961718,-0.16426631505532097,-0.11171659533597489,-0.23822493807261003,-0.18690154673712045,-0.042428965742638214,-0.03884879250449014,-0.10187979120935575,-0.11966589265842709,-0.1899812891295367,-0.19535902120062798,-0.23875921141712486,-0.3328593262093775
USFD,2016-05-26,2016,23.0,24.90999984741211,0.08304347162661352,offer-to-close,1.0,,5.0740039295,mid,False,13.43000030517578,low-VIX,-0.007174185096894714,0.007971333667721181,-0.014746944479202773,-0.045037905988162374,-0.06974890352160867,-0.003587092548447357,-0.06377044128095377,0.09605419819670802,-0.007174185096894714,0.0034078945769080438,-0.009087846496697916,-0.019605674198492906,-0.024182827793708284,-0.07754246076128957,-0.1497747686066374,-0.08269516162876389
